[
  {
    "id": 1,
    "priority": 1,
    "action": {
      "type": "modifyHeaders",
      "responseHeaders": [
        {
          "header": "Access-Control-Allow-Origin",
          "operation": "set",
          "value": "*"
        },
        {
          "header": "Access-Control-Allow-Headers",
          "operation": "set",
          "value": "*"
        },
        {
          "header": "Access-Control-Allow-Methods",
          "operation": "set",
          "value": "GET, OPTIONS"
        }
      ]
    },
    "condition": {
      "urlFilter": "api.soulframe.com/cdn/getProfileViewingData.php",
      "resourceTypes": [
        "xmlhttprequest"
      ]
    }
  }
]
